{
  "map50": 0.7519236867474807,
  "map50_95": 0.7057605270141731,
  "precision": 0.9167055789570895,
  "recall": 0.5597500351965349,
  "thresholds": {
    "min_map50": 0.7,
    "min_recall": 0.55
  },
  "passed": true
}