{
  "model": "../runs/detect/harmony_omr_v2_yolo26/yolo26s_official_e250_w12_b4_amp0_m05_a7/weights/best.pt",
  "data": "datasets/yolo_harmony_v2_phase8_final/harmony_phase8_final.yaml",
  "imgsz": 1280,
  "evaluated_at": "2026-02-17T17:19:47.539210+00:00",
  "protocols": {
    "strict": {
      "map50": 0.6784563340510141,
      "map50_95": 0.6384740697863852,
      "precision": 0.8865954995896707,
      "recall": 0.5367162892353269,
      "per_class": {
        "notehead_filled": {
          "ap50": 0.7754683056050327,
          "ap50_95": 0.7510564510943274
        },
        "notehead_hollow": {
          "ap50": 0.7166771438023796,
          "ap50_95": 0.6915809718407855
        },
        "stem": {
          "ap50": 0.5586904023456087,
          "ap50_95": 0.5451082493419653
        },
        "beam": {
          "ap50": 0.6480910062564016,
          "ap50_95": 0.6225175205611805
        },
        "flag_8th": {
          "ap50": 0.5099918053471583,
          "ap50_95": 0.47683797165528496
        },
        "flag_16th": {
          "ap50": 0.9193460270622158,
          "ap50_95": 0.9002070943740585
        },
        "flag_32nd": {
          "ap50": 0.8856006121095984,
          "ap50_95": 0.8516241083404903
        },
        "augmentation_dot": {
          "ap50": 0.6699715491446874,
          "ap50_95": 0.6344481420543558
        },
        "tie": {
          "ap50": 0.28500706328910097,
          "ap50_95": 0.238816176781057
        },
        "clef_treble": {
          "ap50": 0.6644358470001052,
          "ap50_95": 0.6546830428926297
        },
        "clef_bass": {
          "ap50": 0.8843740515674265,
          "ap50_95": 0.8455916647392291
        },
        "clef_alto": {
          "ap50": 0.5063495427865666,
          "ap50_95": 0.48863029121155765
        },
        "clef_tenor": {
          "ap50": 0.7246105730711471,
          "ap50_95": 0.6946060888327824
        },
        "accidental_sharp": {
          "ap50": 0.6093625930008147,
          "ap50_95": 0.5618655194681723
        },
        "accidental_flat": {
          "ap50": 0.5473627547580301,
          "ap50_95": 0.5030257190568724
        },
        "accidental_natural": {
          "ap50": 0.7386664263614425,
          "ap50_95": 0.6696501956269291
        },
        "accidental_double_sharp": {
          "ap50": 0.6805963247245866,
          "ap50_95": 0.5512635513041438
        },
        "accidental_double_flat": {
          "ap50": 0.8971361269187289,
          "ap50_95": 0.7689504458896754
        },
        "rest_whole": {
          "ap50": 0.9322750591656073,
          "ap50_95": 0.8835926397411018
        },
        "rest_half": {
          "ap50": 0.839137795077877,
          "ap50_95": 0.8108244834063237
        },
        "rest_quarter": {
          "ap50": 0.8762224677537757,
          "ap50_95": 0.8446394075755167
        },
        "rest_8th": {
          "ap50": 0.9068170272086433,
          "ap50_95": 0.8752681205164127
        },
        "rest_16th": {
          "ap50": 0.9798346598725278,
          "ap50_95": 0.9718845414627726
        },
        "barline": {
          "ap50": 0.6303772554898192,
          "ap50_95": 0.5858370887806063
        },
        "barline_double": {
          "ap50": 0.1469473815956452,
          "ap50_95": 0.09820235373487349
        },
        "barline_final": {
          "ap50": 0.32528942616100603,
          "ap50_95": 0.30474598140981907
        },
        "barline_repeat": {
          "ap50": 0.7388438649254389,
          "ap50_95": 0.6755394743323266
        },
        "time_signature": {
          "ap50": 0.529440676599688,
          "ap50_95": 0.49259524870575006
        },
        "key_signature": {
          "ap50": 0.8095144372615902,
          "ap50_95": 0.7851645721379359
        },
        "fermata": {
          "ap50": 0.5044288203244347,
          "ap50_95": 0.42867036075892023
        },
        "dynamic_soft": {
          "ap50": 0.5798770540865842,
          "ap50_95": 0.5523985583370897
        },
        "dynamic_loud": {
          "ap50": 0.9432016626728307,
          "ap50_95": 0.8945052997563903
        },
        "ledger_line": {
          "ap50": 0.4251132803369644,
          "ap50_95": 0.4153129672293784
        }
      },
      "conf": 0.001,
      "iou": 0.7
    },
    "deploy": {
      "map50": 0.7339033686468373,
      "map50_95": 0.6966795875847598,
      "precision": 0.9218834499289428,
      "recall": 0.5251216144338644,
      "per_class": {
        "notehead_filled": {
          "ap50": 0.7789676068100957,
          "ap50_95": 0.7582311787618756
        },
        "notehead_hollow": {
          "ap50": 0.7231686822390534,
          "ap50_95": 0.7004227403356375
        },
        "stem": {
          "ap50": 0.5972006426832424,
          "ap50_95": 0.591408699811226
        },
        "beam": {
          "ap50": 0.6861380463139668,
          "ap50_95": 0.66226721513142
        },
        "flag_8th": {
          "ap50": 0.6156211722409979,
          "ap50_95": 0.5852003585645973
        },
        "flag_16th": {
          "ap50": 0.9335264767581225,
          "ap50_95": 0.9166692836028799
        },
        "flag_32nd": {
          "ap50": 0.8999981696156194,
          "ap50_95": 0.8660815133339639
        },
        "augmentation_dot": {
          "ap50": 0.7068512056513303,
          "ap50_95": 0.6734865851413648
        },
        "tie": {
          "ap50": 0.49855819063086737,
          "ap50_95": 0.4253327008888899
        },
        "clef_treble": {
          "ap50": 0.7239175967372266,
          "ap50_95": 0.7139358025543227
        },
        "clef_bass": {
          "ap50": 0.8821337785444315,
          "ap50_95": 0.8464484408665633
        },
        "clef_alto": {
          "ap50": 0.6074218695014197,
          "ap50_95": 0.5897797823993393
        },
        "clef_tenor": {
          "ap50": 0.7309333263200835,
          "ap50_95": 0.7017237297399374
        },
        "accidental_sharp": {
          "ap50": 0.6865141908860533,
          "ap50_95": 0.6388569120573452
        },
        "accidental_flat": {
          "ap50": 0.6368573995055881,
          "ap50_95": 0.5885856137488027
        },
        "accidental_natural": {
          "ap50": 0.7812787159913244,
          "ap50_95": 0.7137142151149792
        },
        "accidental_double_sharp": {
          "ap50": 0.7646473487140742,
          "ap50_95": 0.6472227307639424
        },
        "accidental_double_flat": {
          "ap50": 0.8957043015517454,
          "ap50_95": 0.8080675741581571
        },
        "rest_whole": {
          "ap50": 0.923124858735823,
          "ap50_95": 0.8762484348059159
        },
        "rest_half": {
          "ap50": 0.84526271519656,
          "ap50_95": 0.8186541573984526
        },
        "rest_quarter": {
          "ap50": 0.8796057707688156,
          "ap50_95": 0.8506319204219475
        },
        "rest_8th": {
          "ap50": 0.9051842942321823,
          "ap50_95": 0.8757839907952629
        },
        "rest_16th": {
          "ap50": 0.9768454936020421,
          "ap50_95": 0.9692873570841497
        },
        "barline": {
          "ap50": 0.7226391857497939,
          "ap50_95": 0.6931570512927387
        },
        "barline_double": {
          "ap50": 0.34369020660837707,
          "ap50_95": 0.2633497148894729
        },
        "barline_final": {
          "ap50": 0.6058323268669444,
          "ap50_95": 0.5872237418840242
        },
        "barline_repeat": {
          "ap50": 0.811769369827803,
          "ap50_95": 0.753180796365954
        },
        "time_signature": {
          "ap50": 0.6280832617241981,
          "ap50_95": 0.5876963322838256
        },
        "key_signature": {
          "ap50": 0.7930541417688994,
          "ap50_95": 0.7710904695529338
        },
        "fermata": {
          "ap50": 0.5417014203302533,
          "ap50_95": 0.4828891415247464
        },
        "dynamic_soft": {
          "ap50": 0.644824571200465,