{
  "model": "harmony_omr_v2_ultimate_v5_stable/stable_1280_resumed/weights/best.pt",
  "data": "datasets/yolo_harmony_v2_phase8_cleaned_v2/harmony_phase8_cleaned_v2.yaml",
  "imgsz": 1280,
  "evaluated_at": "2026-02-21T14:06:23.673005+00:00",
  "protocols": {
    "strict": {
      "map50": 0.7254318503180638,
      "map50_95": 0.6826840769014192,
      "precision": 0.9172947331482598,
      "recall": 0.5854130318784957,
      "per_class": {
        "notehead_filled": {
          "ap50": 0.7022514724411036,
          "ap50_95": 0.6788898944115791
        },
        "notehead_hollow": {
          "ap50": 0.6964001035146888,
          "ap50_95": 0.6770862515837028
        },
        "stem": {
          "ap50": 0.635421370696334,
          "ap50_95": 0.6212625762188952
        },
        "beam": {
          "ap50": 0.6360071078420144,
          "ap50_95": 0.5936197519532987
        },
        "flag_8th": {
          "ap50": 0.5284072118130904,
          "ap50_95": 0.48108765534563575
        },
        "flag_16th": {
          "ap50": 0.9344868092244607,
          "ap50_95": 0.9258539901228918
        },
        "flag_32nd": {
          "ap50": 0.8723817535530944,
          "ap50_95": 0.8604548787019117
        },
        "augmentation_dot": {
          "ap50": 0.6606800583492162,
          "ap50_95": 0.6278544718726016
        },
        "tie": {
          "ap50": 0.4148836634288409,
          "ap50_95": 0.34175837430785827
        },
        "clef_treble": {
          "ap50": 0.8394258662590057,
          "ap50_95": 0.8095882905534644
        },
        "clef_bass": {
          "ap50": 0.9222057762793342,
          "ap50_95": 0.9054860256995753
        },
        "clef_alto": {
          "ap50": 0.7819644448007623,
          "ap50_95": 0.7327416122949038
        },
        "clef_tenor": {
          "ap50": 0.8608685180707935,
          "ap50_95": 0.8547431138756204
        },
        "accidental_sharp": {
          "ap50": 0.6811237334997947,
          "ap50_95": 0.6317598125940946
        },
        "accidental_flat": {
          "ap50": 0.6624775418461495,
          "ap50_95": 0.6195377676578078
        },
        "accidental_natural": {
          "ap50": 0.6983953182650693,
          "ap50_95": 0.6258512328666932
        },
        "accidental_double_sharp": {
          "ap50": 0.5263672676460751,
          "ap50_95": 0.29898101021634893
        },
        "accidental_double_flat": {
          "ap50": 0.909353377834477,
          "ap50_95": 0.830364649673348
        },
        "rest_whole": {
          "ap50": 0.800363257315277,
          "ap50_95": 0.7903979356977591
        },
        "rest_half": {
          "ap50": 0.7554135698535922,
          "ap50_95": 0.7445892279600865
        },
        "rest_quarter": {
          "ap50": 0.8353416639062763,
          "ap50_95": 0.8217422936871939
        },
        "rest_8th": {
          "ap50": 0.8417957831557943,
          "ap50_95": 0.8171836677135819
        },
        "rest_16th": {
          "ap50": 0.966403510779986,
          "ap50_95": 0.9613521717898609
        },
        "barline": {
          "ap50": 0.8339648899955948,
          "ap50_95": 0.789363719120906
        },
        "barline_double": {
          "ap50": 0.6288775272921179,
          "ap50_95": 0.4548313687611591
        },
        "barline_final": {
          "ap50": 0.6061776136297845,
          "ap50_95": 0.5629205295297119
        },
        "barline_repeat": {
          "ap50": 0.8932685968078948,
          "ap50_95": 0.8786269482660651
        },
        "time_signature": {
          "ap50": 0.5195517884907682,
          "ap50_95": 0.4869335659108163
        },
        "key_signature": {
          "ap50": 0.7917662470407795,
          "ap50_95": 0.7846324123516677
        },
        "fermata": {
          "ap50": 0.45930270453147987,
          "ap50_95": 0.4049798276022386
        },
        "dynamic_soft": {
          "ap50": 0.5916061688378856,
          "ap50_95": 0.5387569203831849
        },
        "dynamic_loud": {
          "ap50": 0.9641398784368258,
          "ap50_95": 0.9210087913110983
        },
        "ledger_line": {
          "ap50": 0.48817646505774254,
          "ap50_95": 0.45433379771126886
        }
      },
      "conf": 0.001,
      "iou": 0.7
    },
    "deploy": {
      "map50": 0.7720352987585378,
      "map50_95": 0.723099114463554,
      "precision": 0.9392902993435137,
      "recall": 0.577794275439,
      "per_class": {
        "notehead_filled": {
          "ap50": 0.6752697794215143,
          "ap50_95": 0.6525830189679453
        },
        "notehead_hollow": {
          "ap50": 0.6950193749423516,
          "ap50_95": 0.6724299667059144
        },
        "stem": {
          "ap50": 0.6015652912761333,
          "ap50_95": 0.5941395266905586
        },
        "beam": {
          "ap50": 0.6908184462407826,
          "ap50_95": 0.6350887143502545
        },
        "flag_8th": {
          "ap50": 0.6874269135900998,
          "ap50_95": 0.6289869788252074
        },
        "flag_16th": {
          "ap50": 0.9493234896882514,
          "ap50_95": 0.9419201532663788
        },
        "flag_32nd": {
          "ap50": 0.919799041479759,
          "ap50_95": 0.9074805423066555
        },
        "augmentation_dot": {
          "ap50": 0.7152435155629493,
          "ap50_95": 0.6728683848019256
        },
        "tie": {
          "ap50": 0.6718520538766222,
          "ap50_95": 0.5528171126733208
        },
        "clef_treble": {
          "ap50": 0.8652265778839034,
          "ap50_95": 0.8288538315343491
        },
        "clef_bass": {
          "ap50": 0.8854751827995486,
          "ap50_95": 0.8697457222046525
        },
        "clef_alto": {
          "ap50": 0.8620592089642813,
          "ap50_95": 0.8057840302539571
        },
        "clef_tenor": {
          "ap50": 0.881661387053272,
          "ap50_95": 0.8756049970257276
        },
        "accidental_sharp": {
          "ap50": 0.7444650738836611,
          "ap50_95": 0.6807589384764511
        },
        "accidental_flat": {
          "ap50": 0.7127565944413238,
          "ap50_95": 0.6569859129160914
        },
        "accidental_natural": {
          "ap50": 0.8041479159608265,
          "ap50_95": 0.713562712499692
        },
        "accidental_double_sharp": {
          "ap50": 0.6666237175963777,
          "ap50_95": 0.41308573157748285
        },
        "accidental_double_flat": {
          "ap50": 0.9094358506379523,
          "ap50_95": 0.8669105083387081
        },
        "rest_whole": {
          "ap50": 0.7569892768570894,
          "ap50_95": 0.7416390980938317
        },
        "rest_half": {
          "ap50": 0.8018806323741607,
          "ap50_95": 0.7937741172762529
        },
        "rest_quarter": {
          "ap50": 0.8139271931030833,
          "ap50_95": 0.7994112524814413
        },
        "rest_8th": {
          "ap50": 0.8493865128513884,
          "ap50_95": 0.8238104250567121
        },
        "rest_16th": {
          "ap50": 0.9601861839132384,
          "ap50_95": 0.9565375895287824
        },
        "barline": {
          "ap50": 0.852955240661001,
          "ap50_95": 0.8174486459245758
        },
        "barline_double": {
          "ap50": 0.7860239002273964,
          "ap50_95": 0.5959589643278129
        },
        "barline_final": {
          "ap50": 0.7537412362822968,
          "ap50_95": 0.6690247773813521
        },
        "barline_repeat": {
          "ap50": 0.8623328374860779,
          "ap50_95": 0.8525186308935433
        },
        "time_signature": {
          "ap50": 0.6015706795321217,
          "ap50_95": 0.5581995945527622
        },
        "key_signature": {
          "ap50": 0.6719317508649503,
          "ap50_95": 0.6632333998552707
        },
        "fermata": {
          "ap50": 0.5900868536331738,
          "ap50_95": 0.5174024839951898
        },
        "dynamic_soft": {
          "ap50": 0.7081483669273224,