{
  "model": "harmony_omr_v2_ultimate_v5_stable/stable_1280_resumed/weights/best.pt",
  "data": "datasets/yolo_harmony_v2_phase8_final/harmony_phase8_final.yaml",
  "imgsz": 1280,
  "evaluated_at": "2026-02-17T17:19:13.306795+00:00",
  "protocols": {
    "strict": {
      "map50": 0.6977451886491846,
      "map50_95": 0.6577557206324036,
      "precision": 0.8882234612155929,
      "recall": 0.5705829783395684,
      "per_class": {
        "notehead_filled": {
          "ap50": 0.6925563152387851,
          "ap50_95": 0.6695437273166773
        },
        "notehead_hollow": {
          "ap50": 0.6816723334486289,
          "ap50_95": 0.6628361680652863
        },
        "stem": {
          "ap50": 0.6186542441615153,
          "ap50_95": 0.6049629969925566
        },
        "beam": {
          "ap50": 0.623852071345698,
          "ap50_95": 0.5823811982300557
        },
        "flag_8th": {
          "ap50": 0.5209580230359955,
          "ap50_95": 0.474370596667746
        },
        "flag_16th": {
          "ap50": 0.9342507344058317,
          "ap50_95": 0.9255098479964106
        },
        "flag_32nd": {
          "ap50": 0.8723406177991884,
          "ap50_95": 0.8604151252571594
        },
        "augmentation_dot": {
          "ap50": 0.6477607635136642,
          "ap50_95": 0.6156717799156486
        },
        "tie": {
          "ap50": 0.4126393249053282,
          "ap50_95": 0.3398360833764063
        },
        "clef_treble": {
          "ap50": 0.8329824974355582,
          "ap50_95": 0.8034469989022984
        },
        "clef_bass": {
          "ap50": 0.9127883448136691,
          "ap50_95": 0.8960667778740333
        },
        "clef_alto": {
          "ap50": 0.7725143687659562,
          "ap50_95": 0.723702024999555
        },
        "clef_tenor": {
          "ap50": 0.8582606793152274,
          "ap50_95": 0.8521347878548079
        },
        "accidental_sharp": {
          "ap50": 0.673841896322562,
          "ap50_95": 0.6251521631075845
        },
        "accidental_flat": {
          "ap50": 0.6521747311651627,
          "ap50_95": 0.6099832637929161
        },
        "accidental_natural": {
          "ap50": 0.6948795809330907,
          "ap50_95": 0.6231963082676677
        },
        "accidental_double_sharp": {
          "ap50": 0.5258520863716986,
          "ap50_95": 0.2981166020029025
        },
        "accidental_double_flat": {
          "ap50": 0.9093027964979433,
          "ap50_95": 0.8302907386041145
        },
        "rest_whole": {
          "ap50": 0.7942117187453661,
          "ap50_95": 0.7842659154509374
        },
        "rest_half": {
          "ap50": 0.7310074392291297,
          "ap50_95": 0.7206781934918932
        },
        "rest_quarter": {
          "ap50": 0.8331816388615558,
          "ap50_95": 0.8195788100562336
        },
        "rest_8th": {
          "ap50": 0.8375948982226322,
          "ap50_95": 0.8128642952428503
        },
        "rest_16th": {
          "ap50": 0.9658259296786773,
          "ap50_95": 0.9607493037098023
        },
        "barline": {
          "ap50": 0.6259138452218546,
          "ap50_95": 0.5730538439862155
        },
        "barline_double": {
          "ap50": 0.17223009832767597,
          "ap50_95": 0.10997231525851803
        },
        "barline_final": {
          "ap50": 0.4760336389534883,
          "ap50_95": 0.4338041343338723
        },
        "barline_repeat": {
          "ap50": 0.8628144447719692,
          "ap50_95": 0.846816732240845
        },
        "time_signature": {
          "ap50": 0.5109497915663733,
          "ap50_95": 0.47887512395802856
        },
        "key_signature": {
          "ap50": 0.777310728886591,
          "ap50_95": 0.7704240696571321
        },
        "fermata": {
          "ap50": 0.5764391374777197,
          "ap50_95": 0.500686046998911
        },
        "dynamic_soft": {
          "ap50": 0.5856995732693906,
          "ap50_95": 0.5333138462831701
        },
        "dynamic_loud": {
          "ap50": 0.9638470087129931,
          "ap50_95": 0.9209138160808257
        },
        "ledger_line": {
          "ap50": 0.4752499240221706,
          "ap50_95": 0.44232514489625796
        }
      },
      "conf": 0.001,
      "iou": 0.7
    },
    "deploy": {
      "map50": 0.7519236867474807,
      "map50_95": 0.7057605270141731,
      "precision": 0.9167055789570895,
      "recall": 0.5597500351965349,
      "per_class": {
        "notehead_filled": {
          "ap50": 0.6680608591184288,
          "ap50_95": 0.6456219491652169
        },
        "notehead_hollow": {
          "ap50": 0.6803034413794011,
          "ap50_95": 0.6583019252871329
        },
        "stem": {
          "ap50": 0.5860465200641105,
          "ap50_95": 0.5788017272206749
        },
        "beam": {
          "ap50": 0.6800102983174717,
          "ap50_95": 0.6251917876573849
        },
        "flag_8th": {
          "ap50": 0.6772028382039825,
          "ap50_95": 0.6196664762696764
        },
        "flag_16th": {
          "ap50": 0.9492445794548093,
          "ap50_95": 0.941843774137878
        },
        "flag_32nd": {
          "ap50": 0.919799041479759,
          "ap50_95": 0.9074771620446069
        },
        "augmentation_dot": {
          "ap50": 0.7033172428802567,
          "ap50_95": 0.6617707754971174
        },
        "tie": {
          "ap50": 0.6670166403914972,
          "ap50_95": 0.5485615585173507
        },
        "clef_treble": {
          "ap50": 0.8583475307311997,
          "ap50_95": 0.8223250990412
        },
        "clef_bass": {
          "ap50": 0.8760807587746277,
          "ap50_95": 0.86034022643086
        },
        "clef_alto": {
          "ap50": 0.8500649863279929,
          "ap50_95": 0.7939692259681626
        },
        "clef_tenor": {
          "ap50": 0.8783728282489497,
          "ap50_95": 0.8723006609622705
        },
        "accidental_sharp": {
          "ap50": 0.7362542889049438,
          "ap50_95": 0.673146923600254
        },
        "accidental_flat": {
          "ap50": 0.7018318305246719,
          "ap50_95": 0.646967532903194
        },
        "accidental_natural": {
          "ap50": 0.801100695570796,
          "ap50_95": 0.7109278178000238
        },
        "accidental_double_sharp": {
          "ap50": 0.664713015182771,
          "ap50_95": 0.4113490075685319
        },
        "accidental_double_flat": {
          "ap50": 0.9094358506379523,
          "ap50_95": 0.8669102274964855
        },
        "rest_whole": {
          "ap50": 0.7501603467007264,
          "ap50_95": 0.734959065752604
        },
        "rest_half": {
          "ap50": 0.7716075612886907,
          "ap50_95": 0.7638064632364555
        },
        "rest_quarter": {
          "ap50": 0.811470147338588,
          "ap50_95": 0.7969273922920697
        },
        "rest_8th": {
          "ap50": 0.8456326184785434,
          "ap50_95": 0.8199482247586003
        },
        "rest_16th": {
          "ap50": 0.9595666580370886,
          "ap50_95": 0.955975050253884
        },
        "barline": {
          "ap50": 0.7358166405949408,
          "ap50_95": 0.7009918534910156
        },
        "barline_double": {
          "ap50": 0.47725247278768446,
          "ap50_95": 0.357248590401696
        },
        "barline_final": {
          "ap50": 0.7266932900120342,
          "ap50_95": 0.6432515307410985
        },
        "barline_repeat": {
          "ap50": 0.841058120070369,
          "ap50_95": 0.8312233793555249
        },
        "time_signature": {
          "ap50": 0.593064601165969,
          "ap50_95": 0.5502957762731472
        },
        "key_signature": {
          "ap50": 0.6577967691785098,
          "ap50_95": 0.6494203355181984
        },
        "fermata": {
          "ap50": 0.6205361742712188,
          "ap50_95": 0.5575435765092539
        },
        "dynamic_soft": {
          "ap50": 0.7018489199174356,
          "ap50_95": 0.6264169737792644
        },