{
  "model": "/home/thc1006/dev/music-app/runs/detect/harmony_omr_v2_phase3/yolo12s_two_stage_s2_v2/weights/best.pt",
  "data": "/home/thc1006/dev/music-app/training/datasets/yolo_harmony_v2_phase8_final/harmony_phase8_final.yaml",
  "imgsz": 1280,
  "evaluated_at": "2026-02-20T23:23:30.730905+00:00",
  "protocols": {
    "strict": {
      "map50": 0.6882746506743195,
      "map50_95": 0.63555229241215,
      "precision": 0.8877622748617405,
      "recall": 0.5663115880958404,
      "per_class": {
        "notehead_filled": {
          "ap50": 0.6928298314307634,
          "ap50_95": 0.6640192773819702
        },
        "notehead_hollow": {
          "ap50": 0.6710224258777022,
          "ap50_95": 0.6504882289988843
        },
        "stem": {
          "ap50": 0.6132825401648028,
          "ap50_95": 0.5957465343150531
        },
        "beam": {
          "ap50": 0.6150942205035856,
          "ap50_95": 0.5640666551755859
        },
        "flag_8th": {
          "ap50": 0.480299671695064,
          "ap50_95": 0.4254947699566186
        },
        "flag_16th": {
          "ap50": 0.927485922076313,
          "ap50_95": 0.9080987587761097
        },
        "flag_32nd": {
          "ap50": 0.8661768380388395,
          "ap50_95": 0.8328400414825714
        },
        "augmentation_dot": {
          "ap50": 0.6086306592639956,
          "ap50_95": 0.5490650252014433
        },
        "tie": {
          "ap50": 0.40356183320265776,
          "ap50_95": 0.32564895211361955
        },
        "clef_treble": {
          "ap50": 0.8110556327399719,
          "ap50_95": 0.7638128341218875
        },
        "clef_bass": {
          "ap50": 0.9088191182196383,
          "ap50_95": 0.8589284007756566
        },
        "clef_alto": {
          "ap50": 0.7511920819318602,
          "ap50_95": 0.6864334727256292
        },
        "clef_tenor": {
          "ap50": 0.8356761253070721,
          "ap50_95": 0.8110791060502354
        },
        "accidental_sharp": {
          "ap50": 0.6655759901101046,
          "ap50_95": 0.6042337144886042
        },
        "accidental_flat": {
          "ap50": 0.6379748712425987,
          "ap50_95": 0.5727329766936433
        },
        "accidental_natural": {
          "ap50": 0.6704797465921125,
          "ap50_95": 0.5827742491646022
        },
        "accidental_double_sharp": {
          "ap50": 0.553075022569181,
          "ap50_95": 0.30929859375140795
        },
        "accidental_double_flat": {
          "ap50": 0.9094460559882617,
          "ap50_95": 0.8081991219989098
        },
        "rest_whole": {
          "ap50": 0.790145909510705,
          "ap50_95": 0.7725649072939056
        },
        "rest_half": {
          "ap50": 0.7271228167809298,
          "ap50_95": 0.7059744107567654
        },
        "rest_quarter": {
          "ap50": 0.8252984530705638,
          "ap50_95": 0.8066856779057856
        },
        "rest_8th": {
          "ap50": 0.8369382125833482,
          "ap50_95": 0.802525162047948
        },
        "rest_16th": {
          "ap50": 0.9603845254211878,
          "ap50_95": 0.9528905335646896
        },
        "barline": {
          "ap50": 0.620767163917932,
          "ap50_95": 0.5602186776577812
        },
        "barline_double": {
          "ap50": 0.14903042418693985,
          "ap50_95": 0.08957915749518817
        },
        "barline_final": {
          "ap50": 0.46767479727324635,
          "ap50_95": 0.41336797365541156
        },
        "barline_repeat": {
          "ap50": 0.8695679360448274,
          "ap50_95": 0.8280599855885106
        },
        "time_signature": {
          "ap50": 0.5060812916889422,
          "ap50_95": 0.4569353984221329
        },
        "key_signature": {
          "ap50": 0.7806367124186511,
          "ap50_95": 0.7584557852359322
        },
        "fermata": {
          "ap50": 0.539693312013097,
          "ap50_95": 0.448174874522714
        },
        "dynamic_soft": {
          "ap50": 0.5834116362170391,
          "ap50_95": 0.5206426898329013
        },
        "dynamic_loud": {
          "ap50": 0.9588010686049846,
          "ap50_95": 0.9059734950008427
        },
        "ledger_line": {
          "ap50": 0.47583062556562566,
          "ap50_95": 0.4382162074480102
        }
      },
      "conf": 0.001,
      "iou": 0.7
    },
    "deploy": {
      "map50": 0.7467080516294434,
      "map50_95": 0.6870104168809555,
      "precision": 0.9044367586274394,
      "recall": 0.5605473030757138,
      "per_class": {
        "notehead_filled": {
          "ap50": 0.6681520548801724,
          "ap50_95": 0.6388810893756974
        },
        "notehead_hollow": {
          "ap50": 0.6821091090954693,
          "ap50_95": 0.657286106268016
        },
        "stem": {
          "ap50": 0.5861965211818643,
          "ap50_95": 0.5755572294230378
        },
        "beam": {
          "ap50": 0.6815364192957959,
          "ap50_95": 0.6167832991343207
        },
        "flag_8th": {
          "ap50": 0.6481761372697787,
          "ap50_95": 0.574114924652043
        },
        "flag_16th": {
          "ap50": 0.9485256813653922,
          "ap50_95": 0.9306635160633459
        },
        "flag_32nd": {
          "ap50": 0.920369726451652,
          "ap50_95": 0.8873611601041744
        },
        "augmentation_dot": {
          "ap50": 0.6980864036831625,
          "ap50_95": 0.6235285579056478
        },
        "tie": {
          "ap50": 0.683863350472408,
          "ap50_95": 0.54417660222086
        },
        "clef_treble": {
          "ap50": 0.8580235590668052,
          "ap50_95": 0.8015280740777495
        },
        "clef_bass": {
          "ap50": 0.8850116031758912,
          "ap50_95": 0.8366375947383637
        },
        "clef_alto": {
          "ap50": 0.8242922087864076,
          "ap50_95": 0.7493588077649254
        },
        "clef_tenor": {
          "ap50": 0.8792504035398248,
          "ap50_95": 0.8514141372023858
        },
        "accidental_sharp": {
          "ap50": 0.7209435669043038,
          "ap50_95": 0.643707903666414
        },
        "accidental_flat": {
          "ap50": 0.6991974114400615,
          "ap50_95": 0.6190616512317633
        },
        "accidental_natural": {
          "ap50": 0.7839915254320942,
          "ap50_95": 0.6822013954186709
        },
        "accidental_double_sharp": {
          "ap50": 0.6849071094789463,
          "ap50_95": 0.42334476436832624
        },
        "accidental_double_flat": {
          "ap50": 0.9091679887878629,
          "ap50_95": 0.8464730646290336
        },
        "rest_whole": {
          "ap50": 0.7502785300574912,
          "ap50_95": 0.7277157359731605
        },
        "rest_half": {
          "ap50": 0.7762344705249647,
          "ap50_95": 0.7585507344357649
        },
        "rest_quarter": {
          "ap50": 0.8059423917560489,
          "ap50_95": 0.7866502425058989
        },
        "rest_8th": {
          "ap50": 0.8452964920905931,
          "ap50_95": 0.8098220776545805
        },
        "rest_16th": {
          "ap50": 0.9583858285173269,
          "ap50_95": 0.9517667577699509
        },
        "barline": {
          "ap50": 0.7282334487747896,
          "ap50_95": 0.6863521356173481
        },
        "barline_double": {
          "ap50": 0.4314303053831819,
          "ap50_95": 0.3091050392988376
        },
        "barline_final": {
          "ap50": 0.7137929918800783,
          "ap50_95": 0.6227100240965883
        },
        "barline_repeat": {
          "ap50": 0.83366092872615,
          "ap50_95": 0.8015150574650706
        },
        "time_signature": {
          "ap50": 0.5837432923954193,
          "ap50_95": 0.5218372211133846
        },
        "key_signature": {
          "ap50": 0.6592566124676402,
          "ap50_95": 0.6361260957688675
        },
        "fermata": {
          "ap50": 0.5879571292840818,
          "ap50_95": 0.509689195637255
        },