{
  "model": "../runs/detect/harmony_omr_v2_yolo26/yolo26s_attack_a10_sgd_b5_w6_m045_cp003_cls07_lr22/weights/best.pt",
  "data": "datasets/yolo_harmony_v2_phase8_final/harmony_phase8_final.yaml",
  "imgsz": 1280,
  "evaluated_at": "2026-02-17T17:20:21.690180+00:00",
  "protocols": {
    "strict": {
      "map50": 0.6643199746309794,
      "map50_95": 0.6253394440596375,
      "precision": 0.8778395378003904,
      "recall": 0.5240314611978691,
      "per_class": {
        "notehead_filled": {
          "ap50": 0.7547843990910071,
          "ap50_95": 0.7336592303932846
        },
        "notehead_hollow": {
          "ap50": 0.733680073010233,
          "ap50_95": 0.7119747068133382
        },
        "stem": {
          "ap50": 0.6130277099526608,
          "ap50_95": 0.6003209776475075
        },
        "beam": {
          "ap50": 0.6239438995150179,
          "ap50_95": 0.6017500496850573
        },
        "flag_8th": {
          "ap50": 0.4861382522251223,
          "ap50_95": 0.4537410930869653
        },
        "flag_16th": {
          "ap50": 0.9195056253071525,
          "ap50_95": 0.8970109531961331
        },
        "flag_32nd": {
          "ap50": 0.8843127195059832,
          "ap50_95": 0.8455851828623695
        },
        "augmentation_dot": {
          "ap50": 0.6644643562076071,
          "ap50_95": 0.6340149236367727
        },
        "tie": {
          "ap50": 0.28398095093665376,
          "ap50_95": 0.23913189296838003
        },
        "clef_treble": {
          "ap50": 0.6074366586323328,
          "ap50_95": 0.5993361579756076
        },
        "clef_bass": {
          "ap50": 0.8671497442896221,
          "ap50_95": 0.8288431419017153
        },
        "clef_alto": {
          "ap50": 0.4702905754458877,
          "ap50_95": 0.4546388429870919
        },
        "clef_tenor": {
          "ap50": 0.5810345283714282,
          "ap50_95": 0.5607150447648119
        },
        "accidental_sharp": {
          "ap50": 0.601830550958784,
          "ap50_95": 0.5566369538423809
        },
        "accidental_flat": {
          "ap50": 0.5226449967680443,
          "ap50_95": 0.47978757557293567
        },
        "accidental_natural": {
          "ap50": 0.7281646013365767,
          "ap50_95": 0.6639275906773331
        },
        "accidental_double_sharp": {
          "ap50": 0.7007278339524685,
          "ap50_95": 0.5705976196123029
        },
        "accidental_double_flat": {
          "ap50": 0.8998939137806496,
          "ap50_95": 0.7615129801699804
        },
        "rest_whole": {
          "ap50": 0.9219128017114,
          "ap50_95": 0.8800182806965375
        },
        "rest_half": {
          "ap50": 0.8214661719550457,
          "ap50_95": 0.7965139476746071
        },
        "rest_quarter": {
          "ap50": 0.8875606409600824,
          "ap50_95": 0.8578863977206705
        },
        "rest_8th": {
          "ap50": 0.898839240125653,
          "ap50_95": 0.8697155689941901
        },
        "rest_16th": {
          "ap50": 0.9768688771461274,
          "ap50_95": 0.9668993406977233
        },
        "barline": {
          "ap50": 0.6289395366416297,
          "ap50_95": 0.5784817647268783
        },
        "barline_double": {
          "ap50": 0.14471158082440652,
          "ap50_95": 0.09422283242384889
        },
        "barline_final": {
          "ap50": 0.31184949970512843,
          "ap50_95": 0.2934937850885881
        },
        "barline_repeat": {
          "ap50": 0.6881334510628655,
          "ap50_95": 0.632296452212933
        },
        "time_signature": {
          "ap50": 0.4999182109353349,
          "ap50_95": 0.46706152780544963
        },
        "key_signature": {
          "ap50": 0.8011578613408048,
          "ap50_95": 0.7782487941573895
        },
        "fermata": {
          "ap50": 0.504568090402985,
          "ap50_95": 0.4197981107214198
        },
        "dynamic_soft": {
          "ap50": 0.578737378802111,
          "ap50_95": 0.5520881342031074
        },
        "dynamic_loud": {
          "ap50": 0.9458216718056853,
          "ap50_95": 0.8951054421917386
        },
        "ledger_line": {
          "ap50": 0.36906276011582784,
          "ap50_95": 0.36118635685898753
        }
      },
      "conf": 0.001,
      "iou": 0.7
    },
    "deploy": {
      "map50": 0.7246110902754207,
      "map50_95": 0.6883284852027398,
      "precision": 0.9203734514992776,
      "recall": 0.5093734146601072,
      "per_class": {
        "notehead_filled": {
          "ap50": 0.7623999721898314,
          "ap50_95": 0.7449084366435461
        },
        "notehead_hollow": {
          "ap50": 0.7423558846461082,
          "ap50_95": 0.7228513269890566
        },
        "stem": {
          "ap50": 0.6388399911287156,
          "ap50_95": 0.6330707551344387
        },
        "beam": {
          "ap50": 0.6676772763513512,
          "ap50_95": 0.6470879355345823
        },
        "flag_8th": {
          "ap50": 0.5956912752405235,
          "ap50_95": 0.5668799529664186
        },
        "flag_16th": {
          "ap50": 0.9320018876338915,
          "ap50_95": 0.9106690263486886
        },
        "flag_32nd": {
          "ap50": 0.9003021637583893,
          "ap50_95": 0.8618215101724227
        },
        "augmentation_dot": {
          "ap50": 0.7035493793900861,
          "ap50_95": 0.6751513802096647
        },
        "tie": {
          "ap50": 0.49678586867034447,
          "ap50_95": 0.42394922241954125
        },
        "clef_treble": {
          "ap50": 0.6876765688696593,
          "ap50_95": 0.6788802995549944
        },
        "clef_bass": {
          "ap50": 0.8745578501873099,
          "ap50_95": 0.8383319307946977
        },
        "clef_alto": {
          "ap50": 0.5836552907678378,
          "ap50_95": 0.5674900218298242
        },
        "clef_tenor": {
          "ap50": 0.5996263309145201,
          "ap50_95": 0.5794614014146389
        },
        "accidental_sharp": {
          "ap50": 0.6800413251115778,
          "ap50_95": 0.6347356001403265
        },
        "accidental_flat": {
          "ap50": 0.6222793378968169,
          "ap50_95": 0.5743333704893652
        },
        "accidental_natural": {
          "ap50": 0.7735043571077532,
          "ap50_95": 0.7106436386215662
        },
        "accidental_double_sharp": {
          "ap50": 0.7828288549774216,
          "ap50_95": 0.6668179884291803
        },
        "accidental_double_flat": {
          "ap50": 0.8976076297143343,
          "ap50_95": 0.8019582426720879
        },
        "rest_whole": {
          "ap50": 0.915652134721272,
          "ap50_95": 0.8752438124607975
        },
        "rest_half": {
          "ap50": 0.8325747120020729,
          "ap50_95": 0.8094971524099126
        },
        "rest_quarter": {
          "ap50": 0.8895041388539604,
          "ap50_95": 0.8621269523927791
        },
        "rest_8th": {
          "ap50": 0.9003708162815159,
          "ap50_95": 0.8729661684791626
        },
        "rest_16th": {
          "ap50": 0.9738806558338365,
          "ap50_95": 0.9643040482782729
        },
        "barline": {
          "ap50": 0.720737622880057,
          "ap50_95": 0.6864860252845004
        },
        "barline_double": {
          "ap50": 0.34368590144544126,
          "ap50_95": 0.26232719883284816
        },
        "barline_final": {
          "ap50": 0.5941949823074075,
          "ap50_95": 0.5795034803255128
        },
        "barline_repeat": {
          "ap50": 0.7819082209654786,
          "ap50_95": 0.728859141123911
        },
        "time_signature": {
          "ap50": 0.6104578180945688,
          "ap50_95": 0.5729381333509335
        },
        "key_signature": {
          "ap50": 0.7896450249859147,
          "ap50_95": 0.768927291274655
        },
        "fermata": {
          "ap50": 0.5405210409808017,
          "ap50_95": 0.4724751918061486
        },
        "dynamic_soft": {
          "ap50": 0.6468364883873127,